<?xml version="1.0" encoding="utf-8"?>
<g_DBconfig>
   <allcommoditynames>
      <item>RO</item>
      <item>a</item>
      <item>l</item>
      <item>p</item>
      <item>v</item>
      <item>y</item>
   </allcommoditynames>
   <g_commoditynames>
      <item>a</item>
      <item>y</item>
      <item>v</item>
      <item>p</item>
      <item>l</item>
      <item>RO</item>
   </g_commoditynames>
   <allcontractnames>
      <item>a0305</item>
      <item>a0309</item>
      <item>a0401</item>
      <item>a0405</item>
      <item>a0409</item>
      <item>a0501</item>
      <item>a0505</item>
      <item>a0509</item>
      <item>a0601</item>
      <item>a0605</item>
      <item>a0609</item>
      <item>a0701</item>
      <item>a0705</item>
      <item>a0709</item>
      <item>a0801</item>
      <item>a0805</item>
      <item>a0809</item>
      <item>a0901</item>
      <item>a0905</item>
      <item>a0909</item>
      <item>a1001</item>
      <item>a1005</item>
      <item>a1009</item>
      <item>a1101</item>
      <item>a1105</item>
      <item>a1109</item>
      <item>a1201</item>
      <item>a1203</item>
      <item>a1205</item>
      <item>a1207</item>
      <item>a1209</item>
      <item>a1211</item>
      <item>a1301</item>
      <item>a1303</item>
      <item>a1305</item>
      <item>a1307</item>
      <item>a1309</item>
      <item>a1311</item>
      <item>y0605</item>
      <item>y0609</item>
      <item>y0701</item>
      <item>y0705</item>
      <item>y0709</item>
      <item>y0801</item>
      <item>y0805</item>
      <item>y0809</item>
      <item>y0901</item>
      <item>y0905</item>
      <item>y0909</item>
      <item>y1001</item>
      <item>y1005</item>
      <item>y1009</item>
      <item>y1101</item>
      <item>y1105</item>
      <item>y1109</item>
      <item>y1112</item>
      <item>y1201</item>
      <item>y1203</item>
      <item>y1205</item>
      <item>y1207</item>
      <item>y1208</item>
      <item>y1209</item>
      <item>y1211</item>
      <item>y1212</item>
      <item>y1301</item>
      <item>y1303</item>
      <item>y1305</item>
      <item>v0909</item>
      <item>v1001</item>
      <item>v1005</item>
      <item>v1009</item>
      <item>v1101</item>
      <item>v1105</item>
      <item>v1109</item>
      <item>v1112</item>
      <item>v1201</item>
      <item>v1202</item>
      <item>v1203</item>
      <item>v1204</item>
      <item>v1205</item>
      <item>v1206</item>
      <item>v1207</item>
      <item>v1208</item>
      <item>v1209</item>
      <item>v1210</item>
      <item>v1211</item>
      <item>v1212</item>
      <item>v1301</item>
      <item>v1302</item>
      <item>v1303</item>
      <item>v1304</item>
      <item>v1305</item>
      <item>p0801</item>
      <item>p0805</item>
      <item>p0809</item>
      <item>p0901</item>
      <item>p0905</item>
      <item>p0909</item>
      <item>p1001</item>
      <item>p1005</item>
      <item>p1009</item>
      <item>p1101</item>
      <item>p1105</item>
      <item>p1109</item>
      <item>p1112</item>
      <item>p1201</item>
      <item>p1202</item>
      <item>p1203</item>
      <item>p1204</item>
      <item>p1205</item>
      <item>p1206</item>
      <item>p1207</item>
      <item>p1208</item>
      <item>p1209</item>
      <item>p1210</item>
      <item>p1211</item>
      <item>p1212</item>
      <item>p1301</item>
      <item>p1302</item>
      <item>p1303</item>
      <item>p1304</item>
      <item>p1305</item>
      <item>l0801</item>
      <item>l0805</item>
      <item>l0809</item>
      <item>l0901</item>
      <item>l0905</item>
      <item>l0909</item>
      <item>l1001</item>
      <item>l1005</item>
      <item>l1009</item>
      <item>l1101</item>
      <item>l1105</item>
      <item>l1109</item>
      <item>l1112</item>
      <item>l1201</item>
      <item>l1202</item>
      <item>l1203</item>
      <item>l1204</item>
      <item>l1205</item>
      <item>l1206</item>
      <item>l1207</item>
      <item>l1208</item>
      <item>l1209</item>
      <item>l1210</item>
      <item>l1211</item>
      <item>l1212</item>
      <item>l1301</item>
      <item>l1302</item>
      <item>l1303</item>
      <item>l1304</item>
      <item>l1305</item>
      <item>RO0709</item>
      <item>RO0801</item>
      <item>RO0805</item>
      <item>RO0809</item>
      <item>RO0901</item>
      <item>RO0905</item>
      <item>RO0909</item>
      <item>RO001</item>
      <item>RO005</item>
      <item>RO009</item>
      <item>RO101</item>
      <item>RO105</item>
      <item>RO109</item>
      <item>RO201</item>
      <item>RO203</item>
      <item>RO205</item>
      <item>RO207</item>
      <item>RO209</item>
      <item>RO211</item>
      <item>RO301</item>
      <item>RO303</item>
      <item>RO305</item>
   </allcontractnames>
   <g_pairnames/>
   <allpairs/>
   <strategyid>040807</strategyid>
   <g_rightid>
      <item>040807010707</item>
      <item>040807011414</item>
      <item>040807011313</item>
      <item>040807011212</item>
      <item>040807011010</item>
      <item>040807010505</item>
   </g_rightid>
   <currentdate>
      <item>2012-06-08</item>
   </currentdate>
   <isupdated>0</isupdated>
</g_DBconfig>