<?xml version="1.0" encoding="utf-8"?>
<g_XMLfile>
   <coredata>
      <startdate>2000-01-01</startdate>
      <enddate>2012-01-12</enddate>
   </coredata>
   <g_strategyparams>
       <null>0</null>
   </g_strategyparams>
   <adjustparams>
       <null>0:1</null>
   </adjustparams> 
   <optimizedmethod>0</optimizedmethod>
   <g_commoditynames/>
   <g_pairnames/>
   <g_contractnames/>
   <strategyid>040807</strategyid>
   <path>./Strategies/TestResults/040807</path>
   <strategypath>./Strategies/XMLfiles</strategypath>
   <isupdated>0</isupdated>
<userid>52</userid>
<ordernum>0</ordernum>
   <objecttype>future</objecttype>
   <resulttype>xls</resulttype> 
</g_XMLfile>